DRUG_ID,SCAN_DRUGID_COSMICID_KEY,COSMIC_ID,FOLD_RANGE,MAX_CONC,fd_num_0,fd_num_1,fd_num_2,fd_num_3,fd_num_4,fd_num_5,fd_num_6,fd_num_7,norm_cells_0,norm_cells_1,norm_cells_2,norm_cells_3,norm_cells_4,norm_cells_5,norm_cells_6,norm_cells_7,param_1,param_2,param_3,param_4,ARID1A_mut,ARID2_mut,BRAF_mut,CDKN2A_mut,EZH2_mut,MECOM_mut,NF1_mut,NRAS_mut,PLCB1_mut,PTEN_mut,TP53_mut,loss.cnaSKCM3,loss.cnaSKCM4..BNC2.CDKN2A.JAK2.PSIP1.,loss.cnaSKCM5..PAX5.,loss.cnaSKCM9,gain.cnaSKCM12..KRAS.,gain.cnaSKCM21..FOXP1.MITF.,loss.cnaSKCM22,loss.cnaSKCM23,loss.cnaSKCM24..loss.cnaSKCM25,loss.cnaSKCM26,loss.cnaSKCM27..CASP1.,loss.cnaSKCM28,loss.cnaSKCM30
1036,41735_1036_1287706_0,1287706,1000,10.0,0,0.142857142857143,0.285714285714286,0.428571428571429,0.571428571428571,0.714285714285714,0.857142857142857,1.0,1.0,0.857194871394762,0.822377831525838,0.778867909807287,0.47006579802866,0.352643624353073,0.37876778237237,0.439663467790175,0.4470116749304535,1.9429945867620404,-18.1526536162644,0.3873949904165303,0,0,1,0,0,0,0,0,0,0,1,0,0,0,0,0,1,0,0,0,0,0,0,0
1061,41735_1061_1287706_0,1287706,1000,5.0,0,0.142857142857143,0.285714285714286,0.428571428571429,0.571428571428571,0.714285714285714,0.857142857142857,1.0,1.0,1.0,1.0,1.0,0.978940729759954,0.622305011573171,0.481853527866635,0.452680034329406,0.6600363684109996,1.865795496453285,-27.4750341398932,0.4646763139745323,0,0,1,0,0,0,0,0,0,0,1,0,0,0,0,0,1,0,0,0,0,0,0,0
1373,41735_1373_1287706_0,1287706,1000,10.0,0,0.142857142857143,0.285714285714286,0.428571428571429,0.571428571428571,0.714285714285714,0.857142857142857,1.0,1.0,0.665814933291722,0.531689682973135,0.448356349639801,0.426601388780526,0.313502899794544,0.391784348911602,0.472796546253673,-0.0345158636639909,0.4086531954633371,-6.529933165219593,0.3968084022439578,0,0,1,0,0,0,0,0,0,0,1,0,0,0,0,0,1,0,0,0,0,0,0,0
1036,12480_1036_910921_0,910921,1000,10.0,0,0.142857142857143,0.285714285714286,0.428571428571429,0.571428571428571,0.714285714285714,0.857142857142857,1.0,1.0,0.739113301937549,0.929644701710455,0.88320328088781,0.925024874508203,0.669426855823568,0.455650430759327,0.283744229075502,0.744751078035208,1.563252593061721,-12.973217162945856,0.2604458999320366,0,0,1,0,0,0,0,0,0,0,0,1,1,0,0,0,0,0,0,0,0,0,0,0
1061,38805_1061_910921_0,910921,1000,5.0,0,0.142857142857143,0.285714285714286,0.428571428571429,0.571428571428571,0.714285714285714,0.857142857142857,1.0,1.0,1.0,1.0,1.0,0.806423038284044,0.630621235167391,0.672015011524498,0.346275751825437,1.6952404041413642,0.3515031204056428,-3.1121251136484323,-1.7747116167099874,0,0,1,0,0,0,0,0,0,0,0,1,1,0,0,0,0,0,0,0,0,0,0,0
1373,19265_1373_910921_0,910921,1000,10.0,0,0.142857142857143,0.285714285714286,0.428571428571429,0.571428571428571,0.714285714285714,0.857142857142857,1.0,1.0,0.667269187183099,0.651249374143963,0.563107303641444,0.368221644190138,0.352201831151002,0.496380148503225,0.608518839777177,-0.0907441489045228,0.1918542615278638,-5.940488827748989,0.4701386187186456,0,0,1,0,0,0,0,0,0,0,0,1,1,0,0,0,0,0,0,0,0,0,0,0
1036,10069_1036_906793_0,906793,1000,10.0,0,0.142857142857143,0.285714285714286,0.428571428571429,0.571428571428571,0.714285714285714,0.857142857142857,1.0,1.0,0.904521611814706,0.770314258667396,0.938112463866983,0.956722029986538,0.427305232832759,0.375104814660927,0.289391571967718,0.6982479306855932,1.7191409381384073,-135.594856517249,0.3322481915223458,0,0,1,0,0,0,0,0,0,0,0,0,1,0,0,0,0,0,0,0,0,0,0,0
1061,38241_1061_906793_0,906793,1000,5.0,0,0.142857142857143,0.285714285714286,0.428571428571429,0.571428571428571,0.714285714285714,0.857142857142857,1.0,1.0,0.924215216588111,0.939557911850814,0.928070972465649,0.816736021501741,0.548078197909539,0.421400551682928,0.471284393348575,0.5911880902525032,1.961398311786736,-16.93379473086493,0.4427853385089786,0,0,1,0,0,0,0,0,0,0,0,0,1,0,0,0,0,0,0,0,0,0,0,0
1373,14887_1373_906793_0,906793,1000,10.0,0,0.142857142857143,0.285714285714286,0.428571428571429,0.571428571428571,0.714285714285714,0.857142857142857,1.0,1.0,0.62239618972556,0.400228978185979,0.309189961313242,0.323785165776305,0.298291192445262,0.334683934644285,0.44393837640826,0.0888437792714988,1.2660139793926244,-15.333107087723947,0.3427636508649432,0,0,1,0,0,0,0,0,0,0,0,0,1,0,0,0,0,0,0,0,0,0,0,0
1036,10080_1036_906830_0,906830,1000,10.0,0,0.142857142857143,0.285714285714286,0.428571428571429,0.571428571428571,0.714285714285714,0.857142857142857,1.0,1.0,0.877078129711708,0.886586888864866,0.867569370558549,0.634430527028488,0.387053436808357,0.234863506278484,0.201557957202761,0.5873170791197146,1.3278220872168582,-10.378926830221555,0.1845006844591347,0,0,1,1,0,0,0,0,0,0,0,0,1,1,0,0,0,1,0,0,0,1,0,1
1061,38306_1061_906830_0,906830,1000,5.0,0,0.142857142857143,0.285714285714286,0.428571428571429,0.571428571428571,0.714285714285714,0.857142857142857,1.0,1.0,0.995331758918491,1.0,0.946492930999589,0.743377902577617,0.471669347496955,0.474482985248499,0.616023772770897,0.5638376582346984,2.1517832286189704,-111.96409172827389,0.5207253608466574,0,0,1,1,0,0,0,0,0,0,0,0,1,1,0,0,0,1,0,0,0,1,0,1
1373,14899_1373_906830_0,906830,1000,10.0,0,0.142857142857143,0.285714285714286,0.428571428571429,0.571428571428571,0.714285714285714,0.857142857142857,1.0,1.0,0.577136839995578,0.255382432543132,0.22860630893802,0.136653573084537,0.136653573084537,0.297550818819446,0.427743707246697,0.1241762366749393,1.2980059288036616,-28.954328898940496,0.2455386718950137,0,0,1,1,0,0,0,0,0,0,0,0,1,1,0,0,0,1,0,0,0,1,0,1
1036,15125_1036_910853_0,910853,1000,10.0,0,0.142857142857143,0.285714285714286,0.428571428571429,0.571428571428571,0.714285714285714,0.857142857142857,1.0,1.0,1.0,1.0,1.0,0.984974972705079,0.997353613031865,0.970079082668235,0.855972412821538,0.8524714532281428,7.08805437012751,-110.50126432307562,0.85597232703989,0,0,0,1,0,0,0,0,0,0,1,0,0,0,0,1,0,0,0,0,0,0,0,0
1061,43716_1061_910853_0,910853,1000,5.0,0,0.142857142857143,0.285714285714286,0.428571428571429,0.571428571428571,0.714285714285714,0.857142857142857,1.0,1.0,1.0,1.0,1.0,0.919816605241805,0.951185320598672,1.0,1.0,0.4503722691236571,31.00806882138348,-262.3476265336863,0.9677504897732878,0,0,0,1,0,0,0,0,0,0,1,0,0,0,0,1,0,0,0,0,0,0,0,0
1036,14775_1036_906818_0,906818,1000,10.0,0,0.142857142857143,0.285714285714286,0.428571428571429,0.571428571428571,0.714285714285714,0.857142857142857,1.0,1.0,0.978566620037471,0.9395194986867,0.739453320219347,0.527857027126326,0.305305687468765,0.33279394079081,0.404217393983236,0.4371286558256031,1.5359610344027268,-12.389613514305848,0.3439865786001601,0,0,1,0,0,0,0,0,0,0,0,0,1,0,0,0,0,0,0,0,0,0,0,1
1061,43590_1061_906818_0,906818,1000,5.0,0,0.142857142857143,0.285714285714286,0.428571428571429,0.571428571428571,0.714285714285714,0.857142857142857,1.0,1.0,1.0,0.908464765109628,0.72047303695748,0.504525281555637,0.516494478851166,0.492514233919914,0.516494478851166,0.357735220019275,1.999925564706059,-15.100431168317815,0.4995396241909822,0,0,1,0,0,0,0,0,0,0,0,0,1,0,0,0,0,0,0,0,0,0,0,1
1373,14776_1373_906818_0,906818,1000,10.0,0,0.142857142857143,0.285714285714286,0.428571428571429,0.571428571428571,0.714285714285714,0.857142857142857,1.0,1.0,0.513019300103514,0.456094478968563,0.472346557947301,0.366637136736557,0.358525278816978,0.41542173681235,0.518436659763093,-0.2127359540512678,-3.107800371407939,-7.4166354480646,0.4240415599188979,0,0,1,0,0,0,0,0,0,0,0,0,1,0,0,0,0,0,0,0,0,0,0,1
1036,50895_1036_1240125_0,1240125,1000,10.0,0,0.142857142857143,0.285714285714286,0.428571428571429,0.571428571428571,0.714285714285714,0.857142857142857,1.0,1.0,1.0,0.879769748842991,0.923496704396908,0.661226450059915,0.521355079679286,0.343611408881666,0.372793205579783,0.5454102999608099,1.541569528895123,-9.54823802064416,0.3373914907047116,0,0,1,0,0,0,1,0,0,0,1,1,0,0,0,0,0,0,0,0,0,0,0,0
1036,13209_1036_906814_0,906814,1000,10.0,0,0.142857142857143,0.285714285714286,0.428571428571429,0.571428571428571,0.714285714285714,0.857142857142857,1.0,1.0,1.0,0.994166751705525,1.0,1.0,1.0,1.0,1.0,-0.3974995377057468,2.708504797108082,-17.69479275448992,0.9991513330179838,0,1,0,0,0,0,1,0,0,0,0,0,1,0,0,0,0,0,0,0,0,0,0,0
1061,39075_1061_906814_0,906814,1000,5.0,0,0.142857142857143,0.285714285714286,0.428571428571429,0.571428571428571,0.714285714285714,0.857142857142857,1.0,1.0,1.0,1.0,1.0,1.0,1.0,1.0,1.0,-4.342314667849852,4744.818841187729,-5.060534470862448,0.9999999999307112,0,1,0,0,0,0,1,0,0,0,0,0,1,0,0,0,0,0,0,0,0,0,0,0
1036,41371_1036_906813_0,906813,1000,10.0,0,0.142857142857143,0.285714285714286,0.428571428571429,0.571428571428571,0.714285714285714,0.857142857142857,1.0,1.0,1.0,0.942878795347003,0.835746500394322,0.644124605678233,0.43393570090694,0.242313806190852,0.180466901616719,0.6059381779659087,1.114353681509218,-7.240576746259423,0.1195380140025012,0,0,1,0,0,0,0,0,0,0,1,1,0,0,0,0,0,0,0,0,0,0,0,0
1061,41371_1061_906813_0,906813,1000,5.0,0,0.142857142857143,0.285714285714286,0.428571428571429,0.571428571428571,0.714285714285714,0.857142857142857,1.0,1.0,1.0,1.0,1.0,0.854313510449527,0.600844711159306,0.644124605678233,0.550060380520505,0.5619541265358263,2.479116806967545,-35.99352576918844,0.5969625387828004,0,0,1,0,0,0,0,0,0,0,1,1,0,0,0,0,0,0,0,0,0,0,0,0
1373,41371_1373_906813_0,906813,1000,10.0,0,0.142857142857143,0.285714285714286,0.428571428571429,0.571428571428571,0.714285714285714,0.857142857142857,1.0,1.0,0.668837490141956,0.606990585567823,0.359732354100946,0.464859153194006,0.236103238367508,0.26081612283123,0.495717912066246,0.0137131461938494,0.6153402209089698,-5.805917235807001,0.3428825599904749,0,0,1,0,0,0,0,0,0,0,1,1,0,0,0,0,0,0,0,0,0,0,0,0
1036,12605_1036_687448_0,687448,1000,10.0,0,0.142857142857143,0.285714285714286,0.428571428571429,0.571428571428571,0.714285714285714,0.857142857142857,1.0,1.0,0.843020675703968,0.984962953903922,0.875257269207168,0.797855689204197,0.455101374616248,0.442983115906668,0.430088478505388,0.5823841457442052,2.021631553718512,-26.23142314288232,0.4329982246378553,0,0,1,0,0,1,0,0,0,0,0,1,1,0,0,0,0,0,0,0,0,0,0,0
1061,37760_1061_687448_0,687448,1000,5.0,0,0.142857142857143,0.285714285714286,0.428571428571429,0.571428571428571,0.714285714285714,0.857142857142857,1.0,1.0,0.906904662123926,1.0,0.812738165951018,0.70961013476614,0.740998966823776,0.714114361787864,0.772387798881412,0.4125540477450773,4.260933007419499,-133.49037251194233,0.7342778295806356,0,0,1,0,0,1,0,0,0,0,0,1,1,0,0,0,0,0,0,0,0,0,0,0
1373,21176_1373_687448_0,687448,1000,10.0,0,0.142857142857143,0.285714285714286,0.428571428571429,0.571428571428571,0.714285714285714,0.857142857142857,1.0,1.0,0.68366658532356,0.57651452343393,0.423838607546567,0.450634924232322,0.434563775191547,0.581860504829725,0.964944898390513,0.0833170223077618,2.265063350448049,-31.873267026306564,0.5717899309548194,0,0,1,0,0,1,0,0,0,0,0,1,1,0,0,0,0,0,0,0,0,0,0,0
1036,42097_1036_753545_0,753545,1000,10.0,0,0.142857142857143,0.285714285714286,0.428571428571429,0.571428571428571,0.714285714285714,0.857142857142857,1.0,1.0,0.884561391719973,0.632461877139138,0.550371550901816,0.345207088317657,0.309990461067864,0.16930801109613,0.227900134830542,0.283275602794189,0.9322866009328156,-4.795321514109149,0.1653645130364854,0,0,1,0,0,0,0,0,0,1,0,0,1,0,0,0,0,0,0,0,0,0,0,0
1061,42097_1061_753545_0,753545,1000,5.0,0,0.142857142857143,0.285714285714286,0.428571428571429,0.571428571428571,0.714285714285714,0.857142857142857,1.0,1.0,0.909716125469825,1.0,0.966651717957295,0.702772425620432,0.474171113542508,0.315880349945878,0.32759877469276,0.5788046051350129,1.508629591778859,-13.618522797743957,0.3174960738088838,0,0,1,0,0,0,0,0,0,1,0,0,1,0,0,0,0,0,0,0,0,0,0,0
1373,42097_1373_753545_0,753545,1000,10.0,0,0.142857142857143,0.285714285714286,0.428571428571429,0.571428571428571,0.714285714285714,0.857142857142857,1.0,1.0,0.374472473680289,0.315880349945878,0.227900134830542,0.16930801109613,0.163418122218116,0.204463285336777,0.345207088317657,-0.128836669730333,-1.3128270545296976,-7.420752470905444,0.2236779459368771,0,0,1,0,0,0,0,0,0,1,0,0,1,0,0,0,0,0,0,0,0,0,0,0
1036,3413_1036_753546_0,753546,1000,10.0,0,0.142857142857143,0.285714285714286,0.428571428571429,0.571428571428571,0.714285714285714,0.857142857142857,1.0,1.0,0.863665123635977,0.998924752247375,1.0,1.0,1.0,0.943222559548915,0.688646756333784,0.8640447938890662,3.4667835628041344,-112.0929221459739,0.6886464942170925,0,0,0,0,0,0,0,1,0,0,0,0,1,0,1,0,0,0,0,0,0,1,1,0
1061,49052_1061_753546_0,753546,1000,5.0,0,0.142857142857143,0.285714285714286,0.428571428571429,0.571428571428571,0.714285714285714,0.857142857142857,1.0,1.0,1.0,1.0,1.0,1.0,1.0,0.895449083860465,0.900058648478398,0.7344110803893797,9.780320746319166,-542.0477939380214,0.8977538645267487,0,0,0,0,0,0,0,1,0,0,0,0,1,0,1,0,0,0,0,0,0,1,1,0
1373,49052_1373_753546_0,753546,1000,10.0,0,0.142857142857143,0.285714285714286,0.428571428571429,0.571428571428571,0.714285714285714,0.857142857142857,1.0,1.0,1.0,1.0,1.0,0.99181779415413,0.698150114953304,0.771567034753511,0.693540550335371,0.5845749600588895,3.585333335893977,-169.03987204310985,0.721085905946294,0,0,0,0,0,0,0,1,0,0,0,0,1,0,1,0,0,0,0,0,0,1,1,0
1036,12607_1036_906865_0,906865,1000,10.0,0,0.142857142857143,0.285714285714286,0.428571428571429,0.571428571428571,0.714285714285714,0.857142857142857,1.0,1.0,0.896469021971095,1.0,1.0,0.855618557138133,0.692252312858447,0.51866454860748,0.406334674079874,0.6755172577589434,1.6750618848527667,-10.260783945809512,0.3810401371041047,0,0,1,0,0,0,0,0,0,0,0,0,1,0,0,0,0,0,0,0,0,0,0,0
1061,37908_1061_906865_0,906865,1000,5.0,0,0.142857142857143,0.285714285714286,0.428571428571429,0.571428571428571,0.714285714285714,0.857142857142857,1.0,1.0,1.0,1.0,0.887370159405232,0.953637691870432,0.735991089974021,0.688666567287219,0.546759002745208,0.7430771063666297,1.5701714062530512,-5.446230912069843,0.3741768585981392,0,0,1,0,0,0,0,0,0,0,0,0,1,0,0,0,0,0,0,0,0,0,0,0
1373,21087_1373_906865_0,906865,1000,10.0,0,0.142857142857143,0.285714285714286,0.428571428571429,0.571428571428571,0.714285714285714,0.857142857142857,1.0,1.0,0.819057482771555,0.797735678478867,0.5018993099777,0.48069481960134,0.400246801479133,0.407344293417002,0.558767230917896,0.2673097928077441,2.034132436736798,-14.176428208535768,0.4533360448280601,0,0,1,0,0,0,0,0,0,0,0,0,1,0,0,0,0,0,0,0,0,0,0,0
1036,42082_1036_1240130_0,1240130,1000,10.0,0,0.142857142857143,0.285714285714286,0.428571428571429,0.571428571428571,0.714285714285714,0.857142857142857,1.0,1.0,0.905930742344551,0.914034372916512,0.577542780946737,0.395062597229424,0.151826397914997,0.0383331425223417,0.0626440342382264,0.4871096061304746,1.020815689117461,-8.2245702925152,0.0246173121661784,0,0,1,0,0,0,0,0,0,0,0,0,1,0,0,0,0,0,0,0,0,0,0,0
1061,42082_1061_1240130_0,1240130,1000,5.0,0,0.142857142857143,0.285714285714286,0.428571428571429,0.571428571428571,0.714285714285714,0.857142857142857,1.0,1.0,0.897827111772589,1.0,1.0,0.528878570129774,0.386958966657463,0.285599943430153,0.147795796321613,0.541406668103852,1.406350949262238,-27.24772049214437,0.2680688485668226,0,0,1,0,0,0,0,0,0,0,0,0,1,0,0,0,0,0,0,0,0,0,0,0
1373,42082_1373_1240130_0,1240130,1000,10.0,0,0.142857142857143,0.285714285714286,0.428571428571429,0.571428571428571,0.714285714285714,0.857142857142857,1.0,1.0,0.346440813797655,0.318056893103193,0.180210318609459,0.180210318609459,0.119411875627151,0.212624840897306,0.386958966657463,-0.1160664545818963,-1.3575288774238887,-8.377321216007292,0.2225086557686238,0,0,1,0,0,0,0,0,0,0,0,0,1,0,0,0,0,0,0,0,0,0,0,0
1036,9212_1036_910932_0,910932,1000,10.0,0,0.142857142857143,0.285714285714286,0.428571428571429,0.571428571428571,0.714285714285714,0.857142857142857,1.0,1.0,1.0,1.0,0.974447117844294,0.889153211771617,0.953110255590709,1.0,0.969119595148606,0.4042379427949149,21.20700386224689,-132.42305078543325,0.952845767231189,0,0,0,0,0,0,0,1,0,0,0,0,0,0,0,1,0,0,0,0,0,1,0,0
1061,41647_1061_910932_0,910932,1000,5.0,0,0.142857142857143,0.285714285714286,0.428571428571429,0.571428571428571,0.714285714285714,0.857142857142857,1.0,1.0,1.0,0.968890446016525,1.0,1.0,1.0,0.968890446016525,0.928748798168951,0.837675392188678,15.13631233024361,-117.11173225278868,0.928748781562362,0,0,0,0,0,0,0,1,0,0,0,0,0,0,0,1,0,0,0,0,0,1,0,0
1036,15753_1036_907058_0,907058,1000,10.0,0,0.142857142857143,0.285714285714286,0.428571428571429,0.571428571428571,0.714285714285714,0.857142857142857,1.0,1.0,1.0,1.0,0.972542916284065,0.951437676061818,0.822575599582899,0.665597715281777,0.574239724215212,0.6882390864532875,2.1708653099432,-10.379486714504043,0.538417681427423,0,1,1,0,0,0,0,1,0,0,0,0,1,0,0,0,0,0,0,1,0,0,0,0
1061,43884_1061_907058_0,907058,1000,5.0,0,0.142857142857143,0.285714285714286,0.428571428571429,0.571428571428571,0.714285714285714,0.857142857142857,1.0,1.0,1.0,1.0,1.0,1.0,0.95293784635625,0.898936440818335,0.9197195904537,0.6950150478466033,11.02876461271603,-128.5211401031692,0.909328013372006,0,1,1,0,0,0,0,1,0,0,0,0,1,0,0,0,0,0,0,1,0,0,0,0
1373,15754_1373_907058_0,907058,1000,10.0,0,0.142857142857143,0.285714285714286,0.428571428571429,0.571428571428571,0.714285714285714,0.857142857142857,1.0,1.0,0.87129839544876,1.0,0.960235615219146,0.87129839544876,0.737919931091572,0.643755939328527,0.675143936582876,0.5610017450261794,3.3127686331551955,-15.671037248234551,0.6577325121943848,0,1,1,0,0,0,0,1,0,0,0,0,1,0,0,0,0,0,0,1,0,0,0,0
1036,13706_1036_907067_0,907067,1000,10.0,0,0.142857142857143,0.285714285714286,0.428571428571429,0.571428571428571,0.714285714285714,0.857142857142857,1.0,1.0,1.0,1.0,0.678398140286376,0.771047490293383,0.444628180926395,0.391679100478942,0.23730968023807,0.64703053265878,1.0122517026383568,-4.630718364239904,0.085062943026809,0,0,1,0,0,0,0,0,0,0,0,0,1,0,0,0,1,0,0,0,0,0,0,0
1061,40316_1061_907067_0,907067,1000,5.0,0,0.142857142857143,0.285714285714286,0.428571428571429,0.571428571428571,0.714285714285714,0.857142857142857,1.0,1.0,1.0,0.933564774336594,0.81042714896511,0.748883112461535,0.696754025181534,0.46474985536693,0.578373426786171,0.4291388750875016,1.853081985590148,-5.740493335825727,0.4932237033069269,0,0,1,0,0,0,0,0,0,0,0,0,1,0,0,0,1,0,0,0,0,0,0,0
1373,20458_1373_907067_0,907067,1000,10.0,0,0.142857142857143,0.285714285714286,0.428571428571429,0.571428571428571,0.714285714285714,0.857142857142857,1.0,1.0,0.6254667342363,0.448833295989582,0.40129595349124,0.21451504000794,0.19754644033847,0.245083782836812,0.476033582308385,0.0395983365260619,0.6813129379382977,-7.649407367875232,0.2931822990708433,0,0,1,0,0,0,0,0,0,0,0,0,1,0,0,0,1,0,0,0,0,0,0,0
1036,41560_1036_1298144_0,1298144,1000,10.0,0,0.142857142857143,0.285714285714286,0.428571428571429,0.571428571428571,0.714285714285714,0.857142857142857,1.0,1.0,0.861116481959671,0.841788655201762,0.498492046425816,0.387281147960152,0.333699554932336,0.343768239552294,0.387281147960152,0.334091912250561,1.7002250900434723,-16.82302943159251,0.3567682442309762,0,0,1,0,0,0,0,0,0,0,0,0,1,0,0,0,0,0,0,1,0,0,0,0
1061,41560_1061_1298144_0,1298144,1000,5.0,0,0.142857142857143,0.285714285714286,0.428571428571429,0.571428571428571,0.714285714285714,0.857142857142857,1.0,1.0,1.0,1.0,0.899822731880614,0.798275746793905,0.629030771649389,0.498492046425816,0.551668868212628,0.5233499778540905,2.0358118745258764,-10.307773780760634,0.5121121206807101,0,0,1,0,0,0,0,0,0,0,0,0,1,0,0,0,0,0,0,1,0,0,0,0
1373,41560_1373_1298144_0,1298144,1000,10.0,0,0.142857142857143,0.285714285714286,0.428571428571429,0.571428571428571,0.714285714285714,0.857142857142857,1.0,1.0,0.566190036483622,0.532341041454719,0.363096066310203,0.41632348450214,0.372810576094283,0.319583157902345,0.537147699941633,-0.1256708890271446,-0.680564673185706,-6.839660623326501,0.4043980185096842,0,0,1,0,0,0,0,0,0,0,0,0,1,0,0,0,0,0,0,1,0,0,0,0
1036,49233_1036_1298145_0,1298145,1000,10.0,0,0.142857142857143,0.285714285714286,0.428571428571429,0.571428571428571,0.714285714285714,0.857142857142857,1.0,1.0,1.0,1.0,1.0,1.0,0.941944771605664,0.631542441179456,0.408535927135512,0.8106855852699137,1.6111572916083097,-18.56660126939988,0.3801878943450297,0,0,0,0,0,0,0,1,0,0,0,1,1,0,1,0,0,0,0,0,0,0,0,0
1061,49233_1061_1298145_0,1298145,1000,5.0,0,0.142857142857143,0.285714285714286,0.428571428571429,0.571428571428571,0.714285714285714,0.857142857142857,1.0,1.0,1.0,1.0,1.0,1.0,1.0,1.0,1.0,-4.342314667849852,4744.818841187729,-5.060534470862448,0.9999999999307112,0,0,0,0,0,0,0,1,0,0,0,1,1,0,1,0,0,0,0,0,0,0,0,0
1373,49233_1373_1298145_0,1298145,1000,10.0,0,0.142857142857143,0.285714285714286,0.428571428571429,0.571428571428571,0.714285714285714,0.857142857142857,1.0,1.0,1.0,0.89342537528659,0.718836752548501,0.699449295023515,0.447310842185484,0.360016530816439,0.670418861242647,0.3503813425078695,1.9295598264943363,-9.18787476168155,0.4995880608893467,0,0,0,0,0,0,0,1,0,0,0,1,1,0,1,0,0,0,0,0,0,0,0,0
1036,11805_1036_907169_0,907169,1000,10.0,0,0.142857142857143,0.285714285714286,0.428571428571429,0.571428571428571,0.714285714285714,0.857142857142857,1.0,1.0,0.952337647140586,0.958055703889911,0.866506920960922,0.880817031569181,0.809266478527884,0.626168912669906,0.637605026168556,0.5938428234745954,2.227279186449535,-5.691837589784916,0.5332909170143558,0,0,1,0,1,0,0,0,0,0,0,0,1,0,0,0,0,0,0,0,0,0,0,0
1061,39429_1061_907169_0,907169,1000,5.0,0,0.142857142857143,0.285714285714286,0.428571428571429,0.571428571428571,0.714285714285714,0.857142857142857,1.0,1.0,1.0,1.0,1.0,0.883657567729163,0.783767901110532,0.94938892874748,0.875764303874662,0.5311123680569231,7.671080969973269,-103.01958933589522,0.8696403846048828,0,0,1,0,1,0,0,0,0,0,0,0,1,0,0,0,0,0,0,0,0,0,0,0
1373,19308_1373_907169_0,907169,1000,10.0,0,0.142857142857143,0.285714285714286,0.428571428571429,0.571428571428571,0.714285714285714,0.857142857142857,1.0,1.0,0.932982549084293,0.930725896536262,0.798112734454392,0.526144312554559,0.451981237457514,0.638531181428143,0.777886441246107,0.4222651514412875,2.8095122002148307,-125.28505394488768,0.5986358071090495,0,0,1,0,1,0,0,0,0,0,0,0,1,0,0,0,0,0,0,0,0,0,0,0
1036,14749_1036_1240153_0,1240153,1000,10.0,0,0.142857142857143,0.285714285714286,0.428571428571429,0.571428571428571,0.714285714285714,0.857142857142857,1.0,1.0,0.978765768527604,1.0,0.9625766057351,0.574172172880626,0.367032173635948,0.347625499409787,0.457664390440846,0.524466099506338,1.6624825844329496,-28.52608516877083,0.3897274232816193,0,0,1,0,0,0,0,0,0,0,1,1,1,1,1,0,0,1,1,1,1,1,1,1
1061,44370_1061_1240153_0,1240153,1000,5.0,0,0.142857142857143,0.285714285714286,0.428571428571429,0.571428571428571,0.714285714285714,0.857142857142857,1.0,1.0,1.0,1.0,0.969235991718981,0.796223661406549,0.417780405206465,0.336705627790601,0.342080438575323,0.5921710400415484,1.5107147810545638,-19.209697592817445,0.3356893181219045,0,0,1,0,0,0,0,0,0,0,1,1,1,1,1,0,0,1,1,1,1,1,1,1
1373,14750_1373_1240153_0,1240153,1000,10.0,0,0.142857142857143,0.285714285714286,0.428571428571429,0.571428571428571,0.714285714285714,0.857142857142857,1.0,1.0,0.590711135666101,0.376040927313516,0.395000874935363,0.26386674242886,0.250720297910576,0.385520901124439,0.486530517548844,0.0831408587019638,1.3258848503589376,-17.96417949351993,0.3550643046478378,0,0,1,0,0,0,0,0,0,0,1,1,1,1,1,0,0,1,1,1,1,1,1,1
1036,41552_1036_907171_0,907171,1000,10.0,0,0.142857142857143,0.285714285714286,0.428571428571429,0.571428571428571,0.714285714285714,0.857142857142857,1.0,1.0,0.95212980608676,0.894328982600401,1.0,1.0,0.93287966260656,0.692101689966785,0.461553505616225,0.821930735213307,1.871972543328439,-19.979255979828395,0.4346464123205031,0,0,0,0,0,0,0,1,0,0,1,0,0,0,0,0,0,0,0,0,0,0,0,0
1373,41552_1373_907171_0,907171,1000,10.0,0,0.142857142857143,0.285714285714286,0.428571428571429,0.571428571428571,0.714285714285714,0.857142857142857,1.0,1.0,1.0,1.0,1.0,0.990680486092919,0.634300866480426,0.566874971253967,0.687263957573855,0.6217940155803875,2.6817041481836945,-53.22286992123682,0.6270982491177871,0,0,0,0,0,0,0,1,0,0,1,0,0,0,0,0,0,0,0,0,0,0,0,0
1036,17209_1036_907172_0,907172,1000,10.0,0,0.142857142857143,0.285714285714286,0.428571428571429,0.571428571428571,0.714285714285714,0.857142857142857,1.0,1.0,0.994344728542968,0.957974085171542,0.964904892138486,0.918148767119998,0.772709108847712,0.63420025754237,0.648061871476259,0.6090230174935425,2.840745802726251,-14.49063659183584,0.6295901089634584,0,0,1,0,0,1,0,0,0,0,1,0,0,0,0,1,0,0,0,0,0,0,0,0
1373,17210_1373_907172_0,907172,1000,10.0,0,0.142857142857143,0.285714285714286,0.428571428571429,0.571428571428571,0.714285714285714,0.857142857142857,1.0,1.0,0.976038764796436,0.919063660180995,0.853937726151731,0.868585008712216,0.739967341600518,0.816492331616937,0.777412736135312,0.1112496058890462,3.921855778555519,-6.1295487238985045,0.7759930093681763,0,0,1,0,0,1,0,0,0,0,1,0,0,0,0,1,0,0,0,0,0,0,0,0
1036,41597_1036_1298160_0,1298160,1000,10.0,0,0.142857142857143,0.285714285714286,0.428571428571429,0.571428571428571,0.714285714285714,0.857142857142857,1.0,1.0,0.905763800711735,0.994469882347784,0.737588799659589,0.527431140687132,0.424698257161526,0.373331815398723,0.363996905430411,0.436534295397593,1.6519825123886225,-12.441303623295685,0.3754636821689511,0,0,1,0,0,0,0,0,0,0,0,0,1,0,0,0,0,0,0,0,0,0,0,0
1061,41597_1061_1298160_0,1298160,1000,5.0,0,0.142857142857143,0.285714285714286,0.428571428571429,0.571428571428571,0.714285714285714,0.857142857142857,1.0,1.0,1.0,1.0,1.0,0.779620331454081,0.625521006165672,0.429341275208591,0.522788122640066,0.5618937499208808,1.8839902672237745,-13.274729857212357,0.4784074288000022,0,0,1,0,0,0,0,0,0,0,0,0,1,0,0,0,0,0,0,0,0,0,0,0
1373,41597_1373_1298160_0,1298160,1000,10.0,0,0.142857142857143,0.285714285714286,0.428571428571429,0.571428571428571,0.714285714285714,0.857142857142857,1.0,1.0,0.639547808055229,0.42000636524028,0.373331815398723,0.317273481714674,0.429341275208591,0.279933841841428,0.434033167129837,0.0814896706930442,1.260367457201825,-14.14162062870617,0.365500886700444,0,0,1,0,0,0,0,0,0,0,0,0,1,0,0,0,0,0,0,0,0,0,0,0
1036,51089_1036_753579_0,753579,1000,10.0,0,0.142857142857143,0.285714285714286,0.428571428571429,0.571428571428571,0.714285714285714,0.857142857142857,1.0,1.0,0.913155203915718,0.993878673081114,1.0,0.993878673081114,1.0,0.993878673081114,0.993878673081114,0.2876648050789747,25.15748680887145,256.8542521393151,0.9565775990486144,0,0,0,0,0,0,0,1,1,0,0,0,1,0,0,0,0,0,0,0,0,0,0,0
1061,51085_1061_753579_0,753579,1000,5.0,0,0.142857142857143,0.285714285714286,0.428571428571429,0.571428571428571,0.714285714285714,0.857142857142857,1.0,1.0,1.0,1.0,1.0,1.0,1.0,1.0,1.0,-4.342314667849852,4744.818841187729,-5.060534470862448,0.9999999999307112,0,0,0,0,0,0,0,1,1,0,0,0,1,0,0,0,0,0,0,0,0,0,0,0
1373,51085_1373_753579_0,753579,1000,10.0,0,0.142857142857143,0.285714285714286,0.428571428571429,0.571428571428571,0.714285714285714,0.857142857142857,1.0,1.0,1.0,1.0,1.0,1.0,0.942108984934419,0.823873493568747,0.957862719744913,0.6992400464131421,9.163225879896329,-155.33642654273038,0.8908681273332132,0,0,0,0,0,0,0,1,1,0,0,0,1,0,0,0,0,0,0,0,0,0,0,0
1036,50642_1036_753581_0,753581,1000,10.0,0,0.142857142857143,0.285714285714286,0.428571428571429,0.571428571428571,0.714285714285714,0.857142857142857,1.0,1.0,0.960323714640182,0.965918542662009,1.0,1.0,1.0,1.0,0.879577524804327,1.0340398507001576,0.5792360802475673,-95.02507738531568,-0.7369484720395942,0,0,0,1,0,0,0,1,0,0,0,0,0,0,0,0,0,0,0,0,0,0,0,0
1061,50642_1061_753581_0,753581,1000,5.0,0,0.142857142857143,0.285714285714286,0.428571428571429,0.571428571428571,0.714285714285714,0.857142857142857,1.0,1.0,1.0,1.0,1.0,1.0,1.0,1.0,1.0,-4.342314667849852,4744.818841187729,-5.060534470862448,0.9999999999307112,0,0,0,1,0,0,0,1,0,0,0,0,0,0,0,0,0,0,0,0,0,0,0,0
1373,50642_1373_753581_0,753581,1000,10.0,0,0.142857142857143,0.285714285714286,0.428571428571429,0.571428571428571,0.714285714285714,0.857142857142857,1.0,1.0,0.982615607539651,1.0,1.0,1.0,0.965918542662009,1.0,1.0,-0.0465308965795679,2.417706155442215,-105.19429358319584,0.9926477329922117,0,0,0,1,0,0,0,1,0,0,0,0,0,0,0,0,0,0,0,0,0,0,0,0
1036,16382_1036_905974_0,905974,1000,10.0,0,0.142857142857143,0.285714285714286,0.428571428571429,0.571428571428571,0.714285714285714,0.857142857142857,1.0,1.0,0.757376863549871,1.0,0.869346168773678,1.0,1.0,0.638825183042055,0.619043594492204,0.830854490204738,3.1373179895893366,-146.7912023542803,0.6190435755318641,1,1,1,0,0,0,1,0,0,0,0,0,1,0,0,1,0,0,0,0,0,0,0,0
1061,43865_1061_905974_0,905974,1000,5.0,0,0.142857142857143,0.285714285714286,0.428571428571429,0.571428571428571,0.714285714285714,0.857142857142857,1.0,1.0,1.0,1.0,0.893800718336523,0.958410317527547,0.887346516743696,0.71619190382396,0.719435900436061,0.6963276066831638,3.934704506186237,-36.53897351393046,0.7164674198606574,1,1,1,0,0,0,1,0,0,0,0,0,1,0,0,1,0,0,0,0,0,0,0,0
1373,16383_1373_905974_0,905974,1000,10.0,0,0.142857142857143,0.285714285714286,0.428571428571429,0.571428571428571,0.714285714285714,0.857142857142857,1.0,1.0,1.0,0.952746879341758,0.892935425098795,0.805405593080167,0.589503455192351,0.544967588184102,0.473000208888163,0.5393475055571306,1.859800043733388,-8.470546768099604,0.4614033510838134,1,1,1,0,0,0,1,0,0,0,0,0,1,0,0,1,0,0,0,0,0,0,0,0
1036,12492_1036_905975_0,905975,1000,10.0,0,0.142857142857143,0.285714285714286,0.428571428571429,0.571428571428571,0.714285714285714,0.857142857142857,1.0,1.0,0.862669398359898,0.875766025187158,0.731840028625557,0.478942795605774,0.367553018304928,0.265289810221685,0.365545173077055,0.440690347952086,1.5853982196577348,-10.936985303175256,0.3125165217290462,0,0,1,0,0,0,0,0,0,0,1,0,0,0,0,0,0,0,0,0,0,0,0,0
1373,21196_1373_905975_0,905975,1000,10.0,0,0.142857142857143,0.285714285714286,0.428571428571429,0.571428571428571,0.714285714285714,0.857142857142857,1.0,1.0,0.497816311410365,0.385698651225355,0.352559337183632,0.222592570770239,0.232796573091952,0.207302362956899,0.314333817650281,-0.2848907143442933,-1.772706490671544,-3.958679047902248,0.239107840622537,0,0,1,0,0,0,0,0,0,0,1,0,0,0,0,0,0,0,0,0,0,0,0,0
1036,42658_1036_908124_0,908124,1000,10.0,0,0.142857142857143,0.285714285714286,0.428571428571429,0.571428571428571,0.714285714285714,0.857142857142857,1.0,1.0,0.803399860207726,0.816069454687508,0.693743857811287,0.550316985111597,0.330960835390218,0.37735715524475,0.470149794953814,0.3673264288960347,1.8186408948052264,-8.700616395538024,0.3856606194751734,0,0,1,0,0,0,0,0,0,0,0,0,1,0,0,0,1,0,0,0,0,0,0,0
1061,42658_1061_908124_0,908124,1000,5.0,0,0.142857142857143,0.285714285714286,0.428571428571429,0.571428571428571,0.714285714285714,0.857142857142857,1.0,1.0,1.0,1.0,1.0,0.697937626018881,0.461718113610127,0.279620283543576,0.470149794953814,0.5508474573347348,1.615686575497624,-19.671704770741016,0.3884168567046208,0,0,1,0,0,0,0,0,0,0,0,0,1,0,0,0,1,0,0,0,0,0,0,0
1373,42658_1373_908124_0,908124,1000,10.0,0,0.142857142857143,0.285714285714286,0.428571428571429,0.571428571428571,0.714285714285714,0.857142857142857,1.0,1.0,0.54188530376791,0.503920665257065,0.385788836588438,0.314053327774342,0.385788836588438,0.419515561963188,0.54188530376791,-0.0813879000292735,-0.3831058659539985,-9.082326666988342,0.4151932898776301,0,0,1,0,0,0,0,0,0,0,0,0,1,0,0,0,1,0,0,0,0,0,0,0
1036,12093_1036_908125_0,908125,1000,10.0,0,0.142857142857143,0.285714285714286,0.428571428571429,0.571428571428571,0.714285714285714,0.857142857142857,1.0,1.0,1.0,1.0,1.0,1.0,1.0,0.966923916566526,0.999544064578513,0.73203714682376,59.64447699324832,-365.4840511472163,0.9832339882850646,0,1,0,0,0,0,0,1,0,0,0,1,1,0,0,0,0,0,0,0,1,0,0,0
1061,40116_1061_908125_0,908125,1000,5.0,0,0.142857142857143,0.285714285714286,0.428571428571429,0.571428571428571,0.714285714285714,0.857142857142857,1.0,1.0,1.0,1.0,0.877320323016988,1.0,1.0,1.0,1.0,0.2983685621908494,40.70164514355604,-121.79004381344608,0.9754676932178046,0,1,0,0,0,0,0,1,0,0,0,1,1,0,0,0,0,0,0,0,1,0,0,0
1373,21198_1373_908125_0,908125,1000,10.0,0,0.142857142857143,0.285714285714286,0.428571428571429,0.571428571428571,0.714285714285714,0.857142857142857,1.0,1.0,1.0,1.0,1.0,1.0,0.923955313781572,0.742384802635333,0.922155135210287,0.7014091352640003,5.961961502919763,-124.1230594111688,0.8322699680749861,0,1,0,0,0,0,0,1,0,0,0,1,1,0,0,0,0,0,0,0,1,0,0,0
1036,42027_1036_971777_0,971777,1000,10.0,0,0.142857142857143,0.285714285714286,0.428571428571429,0.571428571428571,0.714285714285714,0.857142857142857,1.0,1.0,0.860884903764317,1.0,1.0,1.0,1.0,0.811365149799262,0.532654492666098,0.8550349762196787,2.25144249882638,-137.60263372032497,0.5326544619545541,0,1,0,0,0,0,0,1,0,0,0,0,1,0,0,0,0,0,0,0,0,0,0,0
1061,42027_1061_971777_0,971777,1000,5.0,0,0.142857142857143,0.285714285714286,0.428571428571429,0.571428571428571,0.714285714285714,0.857142857142857,1.0,1.0,1.0,1.0,1.0,1.0,0.922849412652528,1.0,1.0,0.597540643370555,38.88499440185935,-224.3809275561789,0.9742831389001732,0,1,0,0,0,0,0,1,0,0,0,0,1,0,0,0,0,0,0,0,0,0,0,0
1373,42027_1373_971777_0,971777,1000,10.0,0,0.142857142857143,0.285714285714286,0.428571428571429,0.571428571428571,0.714285714285714,0.857142857142857,1.0,1.0,0.972369166617583,1.0,1.0,0.854727342734631,0.706038447975682,0.65029631654905,0.910469474161264,0.5589945488027881,4.210688133364307,-142.44158294588885,0.755601425862966,0,1,0,0,0,0,0,1,0,0,0,0,1,0,0,0,0,0,0,0,0,0,0,0
1036,50880_1036_753596_0,753596,1000,10.0,0,0.142857142857143,0.285714285714286,0.428571428571429,0.571428571428571,0.714285714285714,0.857142857142857,1.0,1.0,1.0,1.0,0.658691787096828,0.541580199604917,0.490643585572949,0.639990164162496,0.485581892755965,0.3965641386903101,2.170660823413401,-57.07760942894982,0.5394369852440616,0,0,1,0,1,0,0,0,0,0,0,0,1,0,0,0,0,0,0,0,0,0,0,0
1061,50880_1061_753596_0,753596,1000,5.0,0,0.142857142857143,0.285714285714286,0.428571428571429,0.571428571428571,0.714285714285714,0.857142857142857,1.0,1.0,1.0,1.0,0.933621628524605,0.923444961913616,0.806333374421706,0.658691787096828,0.750335067572753,0.5632470076548236,3.4948635103534307,-13.860463103619177,0.702599737735465,0,0,1,0,1,0,0,0,0,0,0,0,1,0,0,0,0,0,0,0,0,0,0,0
1036,14513_1036_908128_0,908128,1000,10.0,0,0.142857142857143,0.285714285714286,0.428571428571429,0.571428571428571,0.714285714285714,0.857142857142857,1.0,1.0,1.0,1.0,1.0,1.0,1.0,1.0,1.0,-4.342314667849852,4744.818841187729,-5.060534470862448,0.9999999999307112,0,0,0,1,0,0,1,0,0,0,1,0,1,1,0,0,0,0,0,0,0,1,1,0
1061,41863_1061_908128_0,908128,1000,5.0,0,0.142857142857143,0.285714285714286,0.428571428571429,0.571428571428571,0.714285714285714,0.857142857142857,1.0,1.0,0.950636751150978,0.919222587943601,0.81445388656612,0.975307559952583,0.98731402023603,1.0,1.0,-1.296412647913411,10.544387593984874,23.84104851691244,0.8610302195178592,0,0,0,1,0,0,1,0,0,0,1,0,1,1,0,0,0,0,0,0,0,1,1,0
1373,18103_1373_908128_0,908128,1000,10.0,0,0.142857142857143,0.285714285714286,0.428571428571429,0.571428571428571,0.714285714285714,0.857142857142857,1.0,1.0,1.0,0.79890916641244,0.964016643215987,0.948280521939048,0.920754489364837,0.87754105415541,1.0,0.1767088720206694,12.231765069863734,-189.54497689010967,0.9182503125917448,0,0,0,1,0,0,1,0,0,0,1,0,1,1,0,0,0,0,0,0,0,1,1,0
1036,11779_1036_910903_0,910903,1000,10.0,0,0.142857142857143,0.285714285714286,0.428571428571429,0.571428571428571,0.714285714285714,0.857142857142857,1.0,1.0,1.0,1.0,0.871102142291022,1.0,1.0,0.911598326106635,0.616052432297502,0.8609639775088772,2.758890000212232,-123.11797371510193,0.6160524116898382,0,0,1,0,0,0,0,0,0,0,1,0,0,0,0,0,0,1,0,0,0,0,0,0
1061,39134_1061_910903_0,910903,1000,5.0,0,0.142857142857143,0.285714285714286,0.428571428571429,0.571428571428571,0.714285714285714,0.857142857142857,1.0,1.0,0.935873556912395,0.792114212124415,0.950763102908118,0.88632820351199,1.0,1.0,0.935873556912395,0.101524268317781,13.79560199877017,-112.77061432351742,0.9275131859832516,0,0,1,0,0,0,0,0,0,0,1,0,0,0,0,0,0,1,0,0,0,0,0,0
1373,21593_1373_910903_0,910903,1000,10.0,0,0.142857142857143,0.285714285714286,0.428571428571429,0.571428571428571,0.714285714285714,0.857142857142857,1.0,1.0,0.854043944597664,0.959579703945779,0.93048971899726,0.985061628745644,0.814039577699468,0.83221518069831,1.0,-0.0245216126897314,-2.668962732618977,-107.2603059345687,0.9107756859839128,0,0,1,0,0,0,0,0,0,0,1,0,0,0,0,0,0,1,0,0,0,0,0,0
1036,51075_1036_909706_0,909706,1000,10.0,0,0.142857142857143,0.285714285714286,0.428571428571429,0.571428571428571,0.714285714285714,0.857142857142857,1.0,1.0,0.918119515604663,1.0,0.795299440010659,0.84754992185842,0.748243930193811,0.719507532275446,0.714285218286475,0.2579665203563688,3.220868175448088,-5.737432002737628,0.6972677947178993,1,0,1,0,0,0,0,0,0,0,1,0,1,0,0,0,1,0,0,0,0,0,0,0
1061,46772_1061_909706_0,909706,1000,5.0,0,0.142857142857143,0.285714285714286,0.428571428571429,0.571428571428571,0.714285714285714,0.857142857142857,1.0,1.0,0.932588930818923,1.0,0.999970496863403,0.841583267835771,0.747227919465792,0.676496668034485,0.753997809931799,0.5574053014936823,3.8875349718055183,-111.22045101309146,0.7259074525599867,1,0,1,0,0,0,0,0,0,0,1,0,1,0,0,0,1,0,0,0,0,0,0,0
1373,51075_1373_909706_0,909706,1000,10.0,0,0.142857142857143,0.285714285714286,0.428571428571429,0.571428571428571,0.714285714285714,0.857142857142857,1.0,1.0,0.84754992185842,0.737799302215871,0.72735467423793,0.743021616204841,0.625751958096496,0.81096638197757,0.803146581973143,0.1263656225421326,3.866078096070444,-103.90702022824918,0.7413400707682682,1,0,1,0,0,0,0,0,0,0,1,0,1,0,0,0,1,0,0,0,0,0,0,0
1036,16394_1036_909713_0,909713,1000,10.0,0,0.142857142857143,0.285714285714286,0.428571428571429,0.571428571428571,0.714285714285714,0.857142857142857,1.0,1.0,0.922315429174416,1.0,0.788821225173858,0.659772948455619,0.395065696861138,0.450674703549426,0.314969174460802,0.4976412542805189,1.5687884105669283,-9.87374806497381,0.3487761762705716,0,0,1,0,0,0,0,0,0,0,0,0,1,0,0,0,0,0,0,0,0,0,0,0
1061,45381_1061_909713_0,909713,1000,5.0,0,0.142857142857143,0.285714285714286,0.428571428571429,0.571428571428571,0.714285714285714,0.857142857142857,1.0,1.0,1.0,0.968186627812467,0.67400767709527,0.888826724828293,0.748725221222611,0.538597399281756,0.599290132967928,0.5430819440546351,1.19374730847576,-2.450521138448204,0.3323805346623722,0,0,1,0,0,0,0,0,0,0,0,0,1,0,0,0,0,0,0,0,0,0,0,0
1373,16395_1373_909713_0,909713,1000,10.0,0,0.142857142857143,0.285714285714286,0.428571428571429,0.571428571428571,0.714285714285714,0.857142857142857,1.0,1.0,0.598144747876167,0.465369557883272,0.317381018505255,0.317381018505255,0.180278678238149,0.123706882021621,0.269509071787405,-0.1925408369487825,-0.5994699861194563,-3.055883714114536,0.1640693007778726,0,0,1,0,0,0,0,0,0,0,0,0,1,0,0,0,0,0,0,0,0,0,0,0
1036,17709_1036_909723_0,909723,1000,10.0,0,0.142857142857143,0.285714285714286,0.428571428571429,0.571428571428571,0.714285714285714,0.857142857142857,1.0,1.0,0.872266243788267,1.0,1.0,0.891221485388647,0.679145028069402,0.670511524567087,0.634310646020251,0.5722246070954136,3.17603220726297,-26.060904271950708,0.6532848283550131,0,0,1,0,0,0,0,0,0,0,0,0,0,0,0,1,0,0,0,0,1,0,0,0
1061,44419_1061_909723_0,909723,1000,5.0,0,0.142857142857143,0.285714285714286,0.428571428571429,0.571428571428571,0.714285714285714,0.857142857142857,1.0,1.0,1.0,1.0,1.0,0.875280470369477,0.779793468227217,0.509252513081915,0.331001227603932,0.7877796472698704,1.223862546265912,-8.42693298799979,0.1889999742959961,0,0,1,0,0,0,0,0,0,0,0,0,0,0,0,1,0,0,0,0,1,0,0,0
1373,16248_1373_909723_0,909723,1000,10.0,0,0.142857142857143,0.285714285714286,0.428571428571429,0.571428571428571,0.714285714285714,0.857142857142857,1.0,1.0,0.75766276430565,0.720090687531029,0.539362820474629,0.394428581117818,0.319303148085155,0.238786206277658,0.362229292601451,0.2218506895550438,1.1128462922091218,-5.188700989365495,0.2700055501061559,0,0,1,0,0,0,0,0,0,0,0,0,0,0,0,1,0,0,0,0,1,0,0,0
1036,17697_1036_905955_0,905955,1000,10.0,0,0.142857142857143,0.285714285714286,0.428571428571429,0.571428571428571,0.714285714285714,0.857142857142857,1.0,1.0,1.0,1.0,0.987594600804987,1.0,1.0,1.0,1.0,0.3182248590160964,403.0504181993685,-425.25929913092926,0.9975189208984376,0,0,0,0,0,1,0,1,0,0,1,0,1,0,1,0,0,0,0,0,0,1,1,0
1373,17698_1373_905955_0,905955,1000,10.0,0,0.142857142857143,0.285714285714286,0.428571428571429,0.571428571428571,0.714285714285714,0.857142857142857,1.0,1.0,1.0,1.0,1.0,1.0,1.0,1.0,1.0,-4.342314667849852,4744.818841187729,-5.060534470862448,0.9999999999307112,0,0,0,0,0,1,0,1,0,0,1,0,1,0,1,0,0,0,0,0,0,1,1,0
1036,50641_1036_905954_0,905954,1000,10.0,0,0.142857142857143,0.285714285714286,0.428571428571429,0.571428571428571,0.714285714285714,0.857142857142857,1.0,1.0,0.697990608438227,0.688564186215121,0.396197038311047,0.382032728478422,0.292407687865019,0.235849154526385,0.237033626428764,0.026417555778647,0.2649066833388691,-2.7100363538804784,0.1499024519267952,0,0,1,0,0,0,0,0,0,0,1,0,1,0,0,1,1,0,0,0,0,0,0,0
1061,50641_1061_905954_0,905954,1000,5.0,0,0.142857142857143,0.285714285714286,0.428571428571429,0.571428571428571,0.714285714285714,0.857142857142857,1.0,1.0,1.0,1.0,0.971554264892022,0.867814267441927,0.646120609713179,0.528216302430459,0.570659878932401,0.5787865831923078,2.20761935829956,-15.697479809451934,0.5453271362815837,0,0,1,0,0,0,0,0,0,0,1,0,1,0,0,1,1,0,0,0,0,0,0,0
1373,50641_1373_905954_0,905954,1000,10.0,0,0.142857142857143,0.285714285714286,0.428571428571429,0.571428571428571,0.714285714285714,0.857142857142857,1.0,1.0,0.33958915197648,0.301834110088124,0.188667690414924,0.259439886582115,0.264128421195702,0.188667690414924,0.24685487261933,-0.3324032078758894,-4.8802236465499735,-5.477981539650563,0.229043914359395,0,0,1,0,0,0,0,0,0,0,1,0,1,0,0,1,1,0,0,0,0,0,0,0
1036,42066_1036_909726_0,909726,1000,10.0,0,0.142857142857143,0.285714285714286,0.428571428571429,0.571428571428571,0.714285714285714,0.857142857142857,1.0,1.0,0.886602894138633,0.844807883509975,1.0,0.857355130424645,0.865705388824304,1.0,0.757064592368011,1.029557262656606,0.5225133739700405,-101.8308463891863,-0.991758930170586,0,0,0,1,1,0,0,1,0,0,1,0,0,0,0,0,1,0,0,0,0,0,0,0
1373,42066_1373_909726_0,909726,1000,10.0,0,0.142857142857143,0.285714285714286,0.428571428571429,0.571428571428571,0.714285714285714,0.857142857142857,1.0,1.0,0.907456680822597,1.0,1.0,0.965952208250573,0.936704444536585,0.899106422422939,0.894953152538292,0.5818731253778939,12.232275726800747,-18.589221364387928,0.8941548980177161,0,0,0,1,1,0,0,1,0,0,1,0,0,0,0,0,1,0,0,0,0,0,0,0
1036,42064_1036_909727_0,909727,1000,10.0,0,0.142857142857143,0.285714285714286,0.428571428571429,0.571428571428571,0.714285714285714,0.857142857142857,1.0,1.0,0.750640530249612,0.949937667465802,1.0,0.90463855591595,0.85024171484981,0.687240727682978,0.687240727682978,0.6953414278254464,4.223367372903144,-32.035678385202566,0.6845637503459909,0,0,1,0,0,0,0,0,0,0,0,0,1,0,0,1,0,0,0,1,0,1,0,1
1061,42064_1061_909727_0,909727,1000,5.0,0,0.142857142857143,0.285714285714286,0.428571428571429,0.571428571428571,0.714285714285714,0.857142857142857,1.0,1.0,1.0,1.0,0.764287124524044,0.962352277534903,1.0,0.949937667465802,0.977041319983077,-2.390777047005113,11.566851278726098,23.90236330658613,0.8702501649407892,0,0,1,0,0,0,0,0,0,0,0,0,1,0,0,1,0,0,0,1,0,1,0,1
1373,42064_1373_909727_0,909727,1000,10.0,0,0.142857142857143,0.285714285714286,0.428571428571429,0.571428571428571,0.714285714285714,0.857142857142857,1.0,1.0,0.995142010999859,0.632938654632633,0.723536877732337,0.632938654632633,0.587639543082781,0.696338457199267,1.0,0.1583012169920394,3.4750220684072533,-182.5229896512579,0.7122320433325304,0,0,1,0,0,0,0,0,0,0,0,0,1,0,0,1,0,0,0,1,0,1,0,1
1036,39730_1036_905956_0,905956,1000,10.0,0,0.142857142857143,0.285714285714286,0.428571428571429,0.571428571428571,0.714285714285714,0.857142857142857,1.0,1.0,0.936297180535325,0.924229072901705,0.918195019084895,0.767217306045449,0.646441453994853,0.679644545939707,0.712879229789361,0.4663921661140897,3.649054553892484,-20.58830915966426,0.6792444968119039,0,0,1,0,0,0,0,0,1,0,0,0,1,0,0,0,0,0,0,0,0,0,0,0
1061,39730_1061_905956_0,905956,1000,5.0,0,0.142857142857143,0.285714285714286,0.428571428571429,0.571428571428571,0.714285714285714,0.857142857142857,1.0,1.0,0.900061265729666,0.963466218663369,0.984601202974603,0.854790066151192,0.785319467495879,0.721914514562176,0.655508330672467,0.5559823214431845,3.1500644939298024,-8.989074350934692,0.6493146265826187,0,0,1,0,0,0,0,0,1,0,0,0,1,0,0,0,0,0,0,0,0,0,0,0
1036,11818_1036_905977_0,905977,1000,10.0,0,0.142857142857143,0.285714285714286,0.428571428571429,0.571428571428571,0.714285714285714,0.857142857142857,1.0,1.0,0.961542242193683,0.93848711925856,0.948727883166952,0.654078050399571,0.546469604514004,0.541349222559808,0.492665381571221,0.5064777213392299,2.2545104073925817,-25.873364363196977,0.5248292442094401,0,0,1,0,0,0,0,0,0,0,0,0,1,0,0,0,0,1,1,1,0,0,1,0
1061,39260_1061_905977_0,905977,1000,5.0,0,0.142857142857143,0.285714285714286,0.428571428571429,0.571428571428571,0.714285714285714,0.857142857142857,1.0,1.0,1.0,0.942137074070775,0.868686846685626,0.761585272752183,0.544308357741016,0.489236696406032,0.501499746575392,0.5010763694016053,1.923969032844559,-9.888187552074411,0.4731778178768472,0,0,1,0,0,0,0,0,0,0,0,0,1,0,0,0,0,1,1,1,0,0,1,0
1373,21770_1373_905977_0,905977,1000,10.0,0,0.142857142857143,0.285714285714286,0.428571428571429,0.571428571428571,0.714285714285714,0.857142857142857,1.0,1.0,0.88060365684215,0.753280722584858,0.498689265580639,0.40431250085018,0.478937887317649,0.518440643843629,0.625984994082748,0.2474859979295118,2.1830135316744936,-19.476153069395515,0.5011046785047959,0,0,1,0,0,0,0,0,0,0,0,0,1,0,0,0,0,1,1,1,0,0,1,0
1036,16580_1036_905976_0,905976,1000,10.0,0,0.142857142857143,0.285714285714286,0.428571428571429,0.571428571428571,0.714285714285714,0.857142857142857,1.0,1.0,0.992206806766137,0.829270582923395,0.555048668676575,0.454367556393962,0.316591213976656,0.372234059178695,0.245062294882854,0.345604445269385,1.339866927889472,-8.915510747395873,0.3007334190540935,0,0,1,0,0,0,0,0,0,1,0,1,1,0,0,0,0,1,1,1,0,0,0,0
1061,45077_1061_905976_0,905976,1000,5.0,0,0.142857142857143,0.285714285714286,0.428571428571429,0.571428571428571,0.714285714285714,0.857142857142857,1.0,1.0,1.0,0.863261258809132,0.819455019122782,0.546837583307266,0.371612624561866,0.327806384875516,0.522540401527744,0.4461191472539363,1.7491495516803757,-13.80032452244012,0.4022561491324575,0,0,1,0,0,0,0,0,0,1,0,1,1,0,0,0,0,1,1,1,0,0,0,0
1373,16581_1373_905976_0,905976,1000,10.0,0,0.142857142857143,0.285714285714286,0.428571428571429,0.571428571428571,0.714285714285714,0.857142857142857,1.0,1.0,0.60184870564617,0.366701533603823,0.425846470697155,0.300680230121785,0.238097109834101,0.199008241374494,0.378898897793313,-0.0765306892362445,-0.1381974483919561,-5.478785934857278,0.2775015349084355,0,0,1,0,0,0,0,0,0,1,0,1,1,0,0,0,0,1,1,1,0,0,0,0
1036,42663_1036_930301_0,930301,1000,10.0,0,0.142857142857143,0.285714285714286,0.428571428571429,0.571428571428571,0.714285714285714,0.857142857142857,1.0,1.0,0.907743475727266,0.890651516426668,0.907743475727266,1.0,0.959019353629058,0.805102233225772,0.581743435245188,0.8524961550144193,2.7590044162197085,-116.459866344007,0.5817433847062987,0,0,1,1,0,0,0,0,0,0,0,0,0,0,0,0,1,0,0,0,0,0,1,0
1061,42663_1061_930301_0,930301,1000,5.0,0,0.142857142857143,0.285714285714286,0.428571428571429,0.571428571428571,0.714285714285714,0.857142857142857,1.0,1.0,1.0,1.0,1.0,1.0,1.0,1.0,1.0,-4.342314667849852,4744.818841187729,-5.060534470862448,0.9999999999307112,0,0,1,1,0,0,0,0,0,0,0,0,0,0,0,0,1,0,0,0,0,0,1,0
1373,42663_1373_930301_0,930301,1000,10.0,0,0.142857142857143,0.285714285714286,0.428571428571429,0.571428571428571,0.714285714285714,0.857142857142857,1.0,1.0,1.0,1.0,0.805102233225772,0.795527156549521,0.924835435027863,0.899152752728013,0.941927394328461,0.31636592172905,7.893220038518492,-289.0558457509688,0.8733089923858637,0,0,1,1,0,0,0,0,0,0,0,0,0,0,0,0,1,0,0,0,0,0,1,0
1036,17634_1036_909784_0,909784,1000,10.0,0,0.142857142857143,0.285714285714286,0.428571428571429,0.571428571428571,0.714285714285714,0.857142857142857,1.0,1.0,0.964379261980469,1.0,0.923026472999851,0.798933930199335,0.741040025626469,0.63902508752139,0.473613931598918,1.0134912177098483,0.9176301034499524,-3.6116369245412,-0.0537363557930165,0,0,1,0,0,0,0,0,0,0,0,0,1,0,0,0,0,1,1,1,0,0,0,0
1061,45520_1061_909784_0,909784,1000,5.0,0,0.142857142857143,0.285714285714286,0.428571428571429,0.571428571428571,0.714285714285714,0.857142857142857,1.0,1.0,1.0,0.891344156595452,0.828909994808663,0.784335972212715,0.726023381008428,0.687097436618131,0.784335972212715,0.1940600112292372,3.432065375273593,-8.725249012223282,0.7333035136583442,0,0,1,0,0,0,0,0,0,0,0,0,1,0,0,0,0,1,1,1,0,0,0,0
1373,17354_1373_909784_0,909784,1000,10.0,0,0.142857142857143,0.285714285714286,0.428571428571429,0.571428571428571,0.714285714285714,0.857142857142857,1.0,1.0,0.834038835573567,0.770499092367526,0.651329253740907,0.553361209593163,0.616900952799204,0.616900952799204,0.733412362087141,0.055617500306755,2.1645642321626304,-9.225761560297975,0.6313512128090716,0,0,1,0,0,0,0,0,0,0,0,0,1,0,0,0,0,1,1,1,0,0,0,0
1036,10303_1036_1299078_0,1299078,1000,10.0,0,0.142857142857143,0.285714285714286,0.428571428571429,0.571428571428571,0.714285714285714,0.857142857142857,1.0,1.0,0.888282353851018,0.888553031646233,0.849473924962051,1.0,0.71044704239469,0.716909474755451,0.555247161563226,0.7668291803910497,1.9511269871318613,-6.948817327999176,0.4201736170347951,0,0,1,0,0,0,0,0,0,1,1,0,1,1,0,0,0,0,0,1,0,0,1,0
1061,45065_1061_1299078_0,1299078,1000,5.0,0,0.142857142857143,0.285714285714286,0.428571428571429,0.571428571428571,0.714285714285714,0.857142857142857,1.0,1.0,1.0,0.922386878211884,0.961934744143837,0.850633579843668,0.86511589694551,0.840911185145928,0.787691201670279,0.4147083581185901,1.4886067798920852,-1.332331076158195,0.522384199722017,0,0,1,0,0,0,0,0,0,1,1,0,1,1,0,0,0,0,0,1,0,0,1,0
1373,15288_1373_1299078_0,1299078,1000,10.0,0,0.142857142857143,0.285714285714286,0.428571428571429,0.571428571428571,0.714285714285714,0.857142857142857,1.0,1.0,0.847087049415798,0.822580196128558,0.739929632101003,0.844011679591517,0.721541483359989,0.746048336647229,0.782792599026921,-0.7640513360839674,-7.216861680908031,-3.178009976915656,0.7571121138371599,0,0,1,0,0,0,0,0,0,1,1,0,1,1,0,0,0,0,0,1,0,0,1,0
1036,11772_1036_1240226_0,1240226,1000,10.0,0,0.142857142857143,0.285714285714286,0.428571428571429,0.571428571428571,0.714285714285714,0.857142857142857,1.0,1.0,0.968634433993399,0.942432316163076,0.69330642098053,0.703149363149774,0.594979887185326,0.535990826101353,0.434406175560232,0.4231965110593369,1.2579440771698538,-3.5571326771564973,0.343221712067935,0,0,1,0,0,0,0,0,0,0,0,0,1,0,0,0,0,0,0,0,0,0,0,0
1061,37935_1061_1240226_0,1240226,1000,5.0,0,0.142857142857143,0.285714285714286,0.428571428571429,0.571428571428571,0.714285714285714,0.857142857142857,1.0,1.0,1.0,1.0,0.679142434637806,0.630397998946847,0.473080086612183,0.484118312772457,0.466401495994202,0.372099054355575,1.8355035800236288,-12.091247273398894,0.4811910831957935,0,0,1,0,0,0,0,0,0,0,0,0,1,0,0,0,0,0,0,0,0,0,0,0
1373,20388_1373_1240226_0,1240226,1000,10.0,0,0.142857142857143,0.285714285714286,0.428571428571429,0.571428571428571,0.714285714285714,0.857142857142857,1.0,1.0,0.711387871152259,0.545523786707994,0.611248642625792,0.53613452157688,0.63002717288802,0.556620190953856,0.676973498543589,0.1283770385694685,2.455522024590658,-123.43467298257566,0.5927546419257493,0,0,1,0,0,0,0,0,0,0,0,0,1,0,0,0,0,0,0,0,0,0,0,0
1036,12170_1036_1299080_0,1299080,1000,10.0,0,0.142857142857143,0.285714285714286,0.428571428571429,0.571428571428571,0.714285714285714,0.857142857142857,1.0,1.0,0.970826269255128,0.986809563066777,0.641664042724023,0.488284610267889,0.39241828525116,0.360451697627863,0.469124720405808,0.3852980599776043,1.739231286125035,-21.91971968186501,0.4215940988886305,0,0,1,0,0,0,0,0,0,0,0,0,1,0,0,0,0,0,0,0,0,0,0,0
1061,38645_1061_1299080_0,1299080,1000,5.0,0,0.142857142857143,0.285714285714286,0.428571428571429,0.571428571428571,0.714285714285714,0.857142857142857,1.0,1.0,0.969311501475912,1.0,0.902664435290681,0.815771693702205,0.613011860696657,0.485567152507071,0.436347127275231,0.5899426705714552,1.7200695473836964,-9.21751579000754,0.4124311584365813,0,0,1,0,0,0,0,0,0,0,0,0,1,0,0,0,0,0,0,0,0,0,0,0
1373,21009_1373_1299080_0,1299080,1000,10.0,0,0.142857142857143,0.285714285714286,0.428571428571429,0.571428571428571,0.714285714285714,0.857142857142857,1.0,1.0,0.702846388897829,0.495691004464644,0.407285917502454,0.283086634862694,0.195088655987826,0.250674567910562,0.450220162711509,0.0976403070610953,0.959295554753466,-7.770916430971653,0.2958691389513948,0,0,1,0,0,0,0,0,0,0,0,0,1,0,0,0,0,0,0,0,0,0,0,0
1036,11734_1036_1299081_0,1299081,1000,10.0,0,0.142857142857143,0.285714285714286,0.428571428571429,0.571428571428571,0.714285714285714,0.857142857142857,1.0,1.0,0.907024126013978,0.963979107863635,0.937389517593278,0.903208579428097,0.652535117791122,0.62972132882971,0.492997576168984,0.6121564721498965,2.3832146686049107,-15.008918475278582,0.5387112451752051,0,0,1,0,0,0,0,0,0,1,0,0,1,0,0,0,0,0,0,0,0,0,0,0
1373,20390_1373_1299081_0,1299081,1000,10.0,0,0.142857142857143,0.285714285714286,0.428571428571429,0.571428571428571,0.714285714285714,0.857142857142857,1.0,1.0,0.971578271408308,0.927561514935438,0.727377077943829,0.771443458719374,0.747425296224595,0.771443458719374,0.831488864956322,0.2819938451426423,4.630626258688444,-144.106352952489,0.7698356389335471,0,0,1,0,0,0,0,0,0,1,0,0,1,0,0,0,0,0,0,0,0,0,0,0
1061,41576_1061_925339_0,925339,1000,5.0,0,0.142857142857143,0.285714285714286,0.428571428571429,0.571428571428571,0.714285714285714,0.857142857142857,1.0,1.0,1.0,1.0,1.0,0.943884387672822,0.786765386667834,0.812112292668639,0.731034009666065,0.5568527960757589,4.336685162671644,-24.49771614542013,0.7700404144981661,0,0,1,0,0,0,0,0,0,0,0,0,0,0,0,0,1,0,0,0,0,0,0,0
1373,41576_1373_925339_0,925339,1000,10.0,0,0.142857142857143,0.285714285714286,0.428571428571429,0.571428571428571,0.714285714285714,0.857142857142857,1.0,1.0,0.883062418670891,0.812112292668639,0.644918161663331,0.487799160658343,0.477671003658021,0.4675428466577,0.807074727668479,0.2412507020243521,2.4419112737657565,-13.590765296493208,0.5618013968120821,0,0,1,0,0,0,0,0,0,0,0,0,0,0,0,0,1,0,0,0,0,0,0,0
1061,45499_1061_909725_0,909725,1000,5.0,0,0.142857142857143,0.285714285714286,0.428571428571429,0.571428571428571,0.714285714285714,0.857142857142857,1.0,1.0,0.928750219003903,0.950240779696067,0.950240779696067,0.684614443868102,0.742022794808007,0.691752916825289,0.591213160859852,0.4734882750146604,3.5115491920095074,-46.786323664831386,0.6749302297992738,0,0,1,0,0,0,0,0,0,0,0,0,1,0,0,0,0,1,0,0,0,0,0,0
1373,21166_1373_906792_0,906792,1000,10.0,0,0.142857142857143,0.285714285714286,0.428571428571429,0.571428571428571,0.714285714285714,0.857142857142857,1.0,1.0,1.0,0.94559484830574,0.94559484830574,0.888397676776242,0.779779751907648,0.951300390199327,0.928442784476572,0.1550714140732736,8.768383244142932,-11.572363502513909,0.8885015541320759,0,0,1,0,0,0,0,0,1,1,1,0,0,0,0,0,0,0,0,0,0,0,0,0
1373,50216_1373_909724_0,909724,1000,10.0,0,0.142857142857143,0.285714285714286,0.428571428571429,0.571428571428571,0.714285714285714,0.857142857142857,1.0,1.0,0.688690136861251,0.74381426981004,0.483403879619044,0.578389421741077,0.523265288792288,0.52830041416154,0.663619408460185,-0.174319081983405,-0.5590247324193579,-6.03120312455405,0.5630147733600226,0,0,1,0,0,0,0,0,0,0,1,0,0,0,0,0,0,0,0,0,0,0,0,0
